,model,test_accuracy,outcome,fit_time,score_time,test_precision,test_recall,test_f1,test_roc_auc
0,l1_feature_selection5_oversample_oversample,0.6753815527538155,intubation_dummy,9.163421058654786,0.0150030612945556,0.148517420100204,0.575,0.2352051605192229,0.7032081009296148
1,l1_feature_selection5_oversample_oversample,0.8059880557398806,death,7.799359893798828,0.0138030052185058,0.3063382768361582,0.6344827586206896,0.4125808234318873,0.8324598777894424
2,l1_feature_selection5_oversample_oversample,0.7483769077637691,cardio_complication,7.583718824386596,0.0106026172637939,0.0765589902299612,0.3123809523809523,0.1217999384505835,0.5478163053163053
3,l1_feature_selection10_oversample_oversample,0.730147312541473,intubation_dummy,23.53021693229676,0.0122023105621337,0.1604997795414462,0.4916666666666666,0.2413997113997114,0.7064983399734396
4,l1_feature_selection10_oversample_oversample,0.8191134704711349,death,19.28711094856262,0.0130027770996093,0.3251146863087161,0.6211494252873563,0.4252173576493113,0.8254403233311413
5,l1_feature_selection10_oversample_oversample,0.7629568679495687,cardio_complication,28.40855293273926,0.0140031337738037,0.070015468456248,0.2847619047619047,0.1120345660830889,0.5726377586377587
6,l1_feature_selection15_oversample_oversample,0.7585799601857997,intubation_dummy,97.36090087890624,0.0124025344848632,0.1700454639602319,0.4583333333333333,0.2472391585023164,0.7104571049136787
7,l1_feature_selection15_oversample_oversample,0.8212952886529529,death,43.66465067863464,0.0126025676727294,0.319576012223071,0.6002298850574712,0.4150980513540097,0.8174764519714047
8,l1_feature_selection15_oversample_oversample,0.7760796284007963,cardio_complication,65.18930945396423,0.0126026153564453,0.0707969126900784,0.2714285714285714,0.111571827472325,0.577934758934759
9,l1_feature_selection20_oversample_oversample,0.7607538155275381,intubation_dummy,211.3423026561737,0.012202501296997,0.1711594124294264,0.4499999999999999,0.246888972320567,0.7163637450199204
10,l1_feature_selection20_oversample_oversample,0.8176536164565361,death,89.61801838874817,0.0122302055358886,0.3099361492134469,0.5797701149425287,0.4018094082274183,0.8189827528524128
11,l1_feature_selection20_oversample_oversample,0.7811917717319178,cardio_complication,109.45126495361328,0.0110022544860839,0.0690460857600817,0.258095238095238,0.1083612818867482,0.5564289674289674
12,l2_feature_selection5_oversample_oversample,0.6593815527538155,intubation_dummy,3.656938409805298,0.0100008964538574,0.1363579618887218,0.55,0.2181629198477513,0.6849802124833998
13,l2_feature_selection5_oversample_oversample,0.8038009289980093,death,3.760300302505493,0.0101886272430419,0.3036438937469541,0.6344827586206896,0.4100306254029659,0.8322363378364347
14,l2_feature_selection5_oversample_oversample,0.7483769077637691,cardio_complication,3.731628799438477,0.010002326965332,0.0765589902299612,0.3123809523809523,0.1217999384505835,0.5477613602613602
15,l2_feature_selection10_oversample_oversample,0.739593895155939,intubation_dummy,6.74742693901062,0.0100021362304687,0.1596057298550566,0.4666666666666667,0.2372674392284853,0.7034027224435592
16,l2_feature_selection10_oversample_oversample,0.8154638354346384,death,6.96731595993042,0.0096004486083984,0.3113435517828646,0.5937931034482758,0.4066902849971913,0.8243820714266488
17,l2_feature_selection10_oversample_oversample,0.7629568679495687,cardio_complication,7.141519355773926,0.0098021030426025,0.070015468456248,0.2847619047619047,0.1120345660830889,0.5731552321552321
18,l2_feature_selection15_oversample_oversample,0.7571227604512275,intubation_dummy,10.604716300964355,0.009801959991455,0.1687194266946786,0.4583333333333333,0.2459170607469811,0.7103203187250996
19,l2_feature_selection15_oversample_oversample,0.8205733244857333,death,10.165464448928834,0.0098086357116699,0.3137560329820392,0.58,0.4043246966102922,0.8187780405548313
20,l2_feature_selection15_oversample_oversample,0.771702720637027,cardio_complication,10.685206651687622,0.0096021652221679,0.0688569030142197,0.2714285714285714,0.1090629015138819,0.5777808137808137
21,l2_feature_selection20_oversample_oversample,0.7578447246184472,intubation_dummy,14.673740673065186,0.0104028224945068,0.177442319961786,0.4833333333333333,0.2591303764841161,0.7253855245683931
22,l2_feature_selection20_oversample_oversample,0.8161937624419376,death,13.108131456375125,0.0094016075134277,0.304810397771906,0.5728735632183908,0.3956845198617141,0.8180142437981411
23,l2_feature_selection20_oversample_oversample,0.7790046449900464,cardio_complication,14.028223705291747,0.0100028991699218,0.0640178557825616,0.2314285714285714,0.0993045808247485,0.5607388377388377
24,elasticnet_feature_selection5_oversample_oversample,0.7089343065693431,intubation_dummy,3.816798305511474,0.0094016551971435,0.1756340128958595,0.6166666666666667,0.2717695271068468,0.7512383134130146
25,elasticnet_feature_selection5_oversample_oversample,0.7082574651625746,death,2.801983499526977,0.0094021797180175,0.2579373985209036,0.905057471264368,0.4013614257331823,0.8519001665109232
26,elasticnet_feature_selection5_oversample_oversample,0.6994585268745853,cardio_complication,4.180545473098755,0.0094018936157226,0.0515340757291447,0.2571428571428571,0.084882452155469,0.52007326007326
27,elasticnet_feature_selection10_oversample_oversample,0.7147949568679495,intubation_dummy,7.852466344833374,0.0094017505645751,0.179552393553975,0.6249999999999999,0.277771833255044,0.7507059096945551
28,elasticnet_feature_selection10_oversample_oversample,0.7082574651625746,death,5.3282379627227785,0.0098017692565917,0.2579373985209036,0.905057471264368,0.4013614257331823,0.8519001665109232
29,elasticnet_feature_selection10_oversample_oversample,0.7177199734571997,cardio_complication,10.37030324935913,0.0107818603515625,0.0615997941344435,0.3114285714285714,0.1023490100159673,0.5701793386793387
30,elasticnet_feature_selection15_oversample_oversample,0.712610484406105,intubation_dummy,14.118526124954224,0.0112026214599609,0.174568937627864,0.6083333333333333,0.2700599895432002,0.7477434926958831
31,elasticnet_feature_selection15_oversample_oversample,0.7082574651625746,death,9.31135926246643,0.0132030487060546,0.2579373985209036,0.905057471264368,0.4013614257331823,0.8519001665109232
32,elasticnet_feature_selection15_oversample_oversample,0.7199097544790976,cardio_complication,16.146464538574218,0.0128040313720703,0.0679684145227075,0.3380952380952381,0.1125571432667663,0.5737189387189388
33,elasticnet_feature_selection20_oversample_oversample,0.712610484406105,intubation_dummy,18.82901077270508,0.0106022357940673,0.174568937627864,0.6083333333333333,0.2700599895432002,0.7477434926958831
34,elasticnet_feature_selection20_oversample_oversample,0.7082574651625746,death,11.65203104019165,0.0113977909088134,0.2579373985209036,0.905057471264368,0.4013614257331823,0.8519001665109232
35,elasticnet_feature_selection20_oversample_oversample,0.7199097544790976,cardio_complication,21.506461477279665,0.0112027168273925,0.0679684145227075,0.3380952380952381,0.1125571432667663,0.5737189387189388
36,svm_feature_selection5,0.9102826808228268,intubation_dummy,0.4983396530151367,0.0534452438354492,0.2,0.0083333333333333,0.0159999999999999,0.6279041832669323
37,svm_feature_selection5,0.8935102853351028,death,0.273485517501831,0.0262060642242431,0.4,0.0135632183908045,0.0262365591397849,0.7562015493591444
38,svm_feature_selection5,0.9460252156602522,cardio_complication,0.4260600090026855,0.0238056182861328,0.0,0.0,0.0,0.565054549054549
39,svm_feature_selection5_oversample,0.630200398142004,intubation_dummy,1.6454188823699951,0.0646150112152099,0.1392957671166451,0.625,0.2265766041300241,0.6725195219123506
40,svm_feature_selection5_oversample,0.7862959522229594,death,0.9486680507659913,0.0502120494842529,0.2576425277318134,0.5409195402298851,0.3476411544909806,0.7936951888726095
41,svm_feature_selection5_oversample,0.6731625746516257,cardio_complication,1.6069930076599122,0.073816967010498,0.0634187936826802,0.3685714285714286,0.1054553583837004,0.5474825264825265
42,svm_feature_selection10,0.9102826808228268,intubation_dummy,0.6277806282043457,0.0322075366973877,0.44,0.025,0.0457931034482758,0.6919007968127491
43,svm_feature_selection10,0.8920504313205043,death,0.2844654560089111,0.029606819152832,0.0,0.0,0.0,0.7671245178681987
44,svm_feature_selection10,0.9460252156602522,cardio_complication,0.4664720058441162,0.0312076091766357,0.0,0.0,0.0,0.5607522027522028
45,svm_feature_selection10_oversample,0.7104339747843398,intubation_dummy,1.953451156616211,0.076017427444458,0.1475881166630151,0.4833333333333333,0.2231932841065532,0.6835551792828685
46,svm_feature_selection10_oversample,0.8147524883875249,death,1.0166343212127686,0.0522124290466308,0.2893796651388005,0.4793103448275862,0.3573525824549691,0.7931576277769447
47,svm_feature_selection10_oversample,0.7498208360982084,cardio_complication,1.6055647373199462,0.0702157497406005,0.0459957535472409,0.1914285714285714,0.0736965254931858,0.5253748143748144
48,svm_feature_selection15,0.9124724618447246,intubation_dummy,0.5712743282318116,0.0336074352264404,0.0,0.0,0.0,0.7198596281540505
49,svm_feature_selection15,0.8927803583278034,death,0.3110715389251709,0.0336079120635986,0.2,0.0068965517241379,0.0133333333333333,0.8034190460808404
50,svm_feature_selection15,0.9460252156602522,cardio_complication,0.4859909534454346,0.0330778121948242,0.0,0.0,0.0,0.6380786060786061
51,svm_feature_selection15_oversample,0.7505321831453219,intubation_dummy,1.770409059524536,0.0726160526275634,0.1580656742888349,0.425,0.2273049482163406,0.7083622841965471
52,svm_feature_selection15_oversample,0.8132979429329794,death,1.19300856590271,0.0699927806854248,0.2648865420293992,0.4055172413793103,0.3179167341897543,0.7910327676576567
53,svm_feature_selection15_oversample,0.7899243530192435,cardio_complication,1.523151969909668,0.0680153846740722,0.045981140645408,0.1485714285714285,0.0697409317007264,0.5252162162162162
54,svm_feature_selection20,0.9124724618447246,intubation_dummy,0.5837342262268066,0.0354083061218261,0.1,0.0083333333333333,0.0153846153846153,0.7201383798140769
55,svm_feature_selection20,0.8920504313205043,death,0.3170731544494629,0.0360082626342773,0.0,0.0,0.0,0.8083063800986761
56,svm_feature_selection20,0.9460252156602522,cardio_complication,0.4917135238647461,0.0350079536437988,0.0,0.0,0.0,0.5582182952182952
57,svm_feature_selection20_oversample,0.7505215660252157,intubation_dummy,1.7803828239440918,0.0786064147949218,0.1636974872740343,0.4416666666666667,0.2361601492574943,0.725210491367862
58,svm_feature_selection20_oversample,0.8205733244857333,death,1.1066555023193358,0.0692162990570068,0.2734054054363962,0.4050574712643678,0.3247664010739325,0.7875606418938407
59,svm_feature_selection20_oversample,0.8081672196416723,cardio_complication,1.643779706954956,0.0878200054168701,0.0503100233100233,0.1485714285714285,0.0747797046320829,0.5489702999702999
60,rf_feature_selection5,0.9117425348374252,intubation_dummy,0.619142484664917,0.0278064250946044,0.3857142857142857,0.0416666666666666,0.0700942928039702,0.7369088313413015
61,rf_feature_selection5,0.9000690112806901,death,0.366484546661377,0.0282061576843261,0.6966666666666667,0.1280459770114942,0.2156489262371615,0.8575216810296759
62,rf_feature_selection5,0.9460252156602522,cardio_complication,0.4916929721832275,0.0276062965393066,0.0,0.0,0.0,0.6326612216612217
63,rf_feature_selection5_oversample,0.6717531519575315,intubation_dummy,1.4407325744628907,0.0272065162658691,0.1447465610999053,0.5666666666666667,0.2300897133610726,0.6922268260292165
64,rf_feature_selection5_oversample,0.808180491041805,death,0.8367936134338378,0.0358081817626953,0.3093738778670526,0.6340229885057471,0.4138864794988093,0.825390460423853
65,rf_feature_selection5_oversample,0.6381818181818182,cardio_complication,1.043440532684326,0.026606273651123,0.0684932344608801,0.4609523809523809,0.11884830999566,0.6038430848430848
66,rf_feature_selection10,0.917579296615793,intubation_dummy,0.6427483558654785,0.0276069164276123,0.7611111111111111,0.1166666666666666,0.1924790764790765,0.7852491367861886
67,rf_feature_selection10,0.9007989382879892,death,0.3920046329498291,0.0281980037689209,0.6702380952380953,0.1549425287356321,0.2512131680552733,0.8684414500678734
68,rf_feature_selection10,0.9460252156602522,cardio_complication,0.4820024967193603,0.025801658630371,0.0,0.0,0.0,0.6698935748935748
69,rf_feature_selection10_oversample,0.6571811546118116,intubation_dummy,1.327906608581543,0.0264060020446777,0.1454651641458196,0.6,0.2336982672355531,0.7082445551128818
70,rf_feature_selection10_oversample,0.8176748506967485,death,0.7193663120269775,0.022405195236206,0.3275118465420603,0.6418390804597701,0.4329086422671972,0.8430608034055906
71,rf_feature_selection10_oversample,0.7089289980092899,cardio_complication,1.1185597896575927,0.027115249633789,0.0720657802858135,0.3666666666666666,0.1179224548624648,0.5831040986040985
72,rf_feature_selection15,0.9146622428666225,intubation_dummy,0.6045394897460937,0.02720627784729,0.5,0.0333333333333333,0.0621538461538461,0.7924414342629482
73,rf_feature_selection15,0.9037133377571334,death,0.3842882633209228,0.0268061637878417,0.6934126984126985,0.1891954022988506,0.295906432748538,0.8716601831235602
74,rf_feature_selection15,0.9460252156602522,cardio_complication,0.4829113483428955,0.0272064685821533,0.0,0.0,0.0,0.6646103356103357
75,rf_feature_selection15_oversample,0.7768069011280689,intubation_dummy,1.571341609954834,0.0318080902099609,0.1749427860696517,0.425,0.2461005961005961,0.7278159362549801
76,rf_feature_selection15_oversample,0.8322495023224951,death,0.7991846561431885,0.0248057842254638,0.3396891937102709,0.5873563218390804,0.4288268388167275,0.8419106263194933
77,rf_feature_selection15_oversample,0.8322441937624419,cardio_complication,1.1680017471313475,0.0288063049316406,0.0413119988119988,0.0952380952380952,0.0573851641465639,0.575084051084051
78,rf_feature_selection20,0.9161220968812208,intubation_dummy,0.7645975112915039,0.029606819152832,0.4666666666666667,0.075,0.1264957264957265,0.8063349269588314
79,rf_feature_selection20,0.9000690112806901,death,0.4385011672973632,0.0314071178436279,0.7066666666666667,0.1147126436781609,0.1957866479925303,0.8747907076906511
80,rf_feature_selection20,0.9460252156602522,cardio_complication,0.6071402072906494,0.0320073127746582,0.0,0.0,0.0,0.6311499851499851
81,rf_feature_selection20_oversample,0.8234744525547445,intubation_dummy,1.807089185714721,0.0342078208923339,0.2388562002940926,0.4833333333333333,0.3163076942245396,0.7752239043824701
82,rf_feature_selection20_oversample,0.8089130723291307,death,0.8005845546722412,0.0266061782836914,0.3138239538239538,0.6544827586206897,0.4232362756851702,0.8488982975892447
83,rf_feature_selection20_oversample,0.7111506303915063,cardio_complication,1.198876953125,0.0274063110351562,0.0703580028926227,0.3657142857142857,0.1168740801419428,0.5895872685872686
84,decision_feature_selection5,0.9102826808228268,intubation_dummy,0.4557055950164795,0.0130027294158935,0.2727272727272727,0.0416666666666666,0.0617142857142857,0.7037874501992032
85,decision_feature_selection5,0.894234903782349,death,0.1908436775207519,0.012803030014038,0.5253267973856209,0.2151724137931034,0.2956268590521452,0.8274041139350029
86,decision_feature_selection5,0.9416536164565364,cardio_complication,0.3260963916778564,0.0125754833221435,0.1,0.0133333333333333,0.0235294117647058,0.6024602514602515
87,decision_feature_selection5_oversample,0.6520955540809555,intubation_dummy,1.1496657371520995,0.0122027397155761,0.1480792693041276,0.6333333333333333,0.2395061530667913,0.7061770916334662
88,decision_feature_selection5_oversample,0.7760902455209024,death,0.595537519454956,0.0126031398773193,0.2967778738241436,0.7827586206896552,0.4299239940021941,0.8111383348138578
89,decision_feature_selection5_oversample,0.6950789648307897,cardio_complication,0.953033447265625,0.0128018856048583,0.0639759335295471,0.3552380952380952,0.1077987812945698,0.5860268290268291
90,decision_feature_selection10,0.915384207033842,intubation_dummy,0.4671089649200439,0.0122022628784179,0.5428571428571429,0.1833333333333333,0.2668290145369941,0.7360124833997344
91,decision_feature_selection10,0.8898526874585269,death,0.1914445400238037,0.0122021675109863,0.4920739348370928,0.324367816091954,0.3891167213398895,0.8242667520371632
92,decision_feature_selection10,0.9438354346383544,cardio_complication,0.3322901248931885,0.0136027812957763,0.0,0.0,0.0,0.5832421542421542
93,decision_feature_selection10_oversample,0.662943596549436,intubation_dummy,1.2427393913269045,0.0143517017364501,0.1567531177585416,0.6333333333333334,0.248988490391524,0.700551593625498
94,decision_feature_selection10_oversample,0.7760902455209024,death,0.559529447555542,0.0122026920318603,0.2967778738241436,0.7827586206896552,0.4299239940021941,0.8164651000026918
95,decision_feature_selection10_oversample,0.6637213005972129,cardio_complication,0.944819974899292,0.0136025428771972,0.0699130397760534,0.4095238095238095,0.1168462793846513,0.6003598653598653
96,decision_feature_selection15,0.9168440610484406,intubation_dummy,0.4866950035095215,0.013603401184082,0.5766666666666665,0.175,0.2621854008060905,0.7256958167330677
97,decision_feature_selection15,0.894234903782349,death,0.2132492065429687,0.0150031089782714,0.5242156862745098,0.2218390804597701,0.3002935257188118,0.8242419311421573
98,decision_feature_selection15,0.943838088918381,cardio_complication,0.3884895801544189,0.0162036418914794,0.0,0.0,0.0,0.532965844965845
99,decision_feature_selection15_oversample,0.6607538155275381,intubation_dummy,1.24859619140625,0.013203477859497,0.1642511968476317,0.6833333333333333,0.2618002236935007,0.7255750332005311
100,decision_feature_selection15_oversample,0.7760902455209024,death,0.5811343193054199,0.0134027481079101,0.2967778738241436,0.7827586206896552,0.4299239940021941,0.8162191983633477
101,decision_feature_selection15_oversample,0.6790285335102854,cardio_complication,0.8977454662322998,0.0125991344451904,0.0611920760459946,0.3504761904761905,0.1027545963044628,0.5747396792396792
102,decision_feature_selection20,0.9131944260119444,intubation_dummy,0.4471035957336425,0.0122023105621337,0.5584126984126984,0.1666666666666666,0.2518097549465736,0.706912749003984
103,decision_feature_selection20,0.8876682149966821,death,0.183925437927246,0.0126028537750244,0.47301842053491,0.283448275862069,0.3523443580563498,0.826946585756971
104,decision_feature_selection20,0.9387312541473124,cardio_complication,0.3238744258880615,0.0120026588439941,0.1166666666666666,0.0266666666666666,0.0432748538011695,0.5393164043164043
105,decision_feature_selection20_oversample,0.7250298606502986,intubation_dummy,1.1259647846221923,0.0126029968261718,0.1749508852084523,0.5583333333333333,0.2631945121506633,0.7232531208499335
106,decision_feature_selection20_oversample,0.7746303915063039,death,0.6528604030609131,0.0138028621673583,0.295126222172492,0.7827586206896552,0.4282321743347904,0.81502285775814
107,decision_feature_selection20_oversample,0.6899694757796948,cardio_complication,0.930598258972168,0.0128031730651855,0.0638140279883349,0.3504761904761905,0.1066186422893915,0.5830126225126225
108,adaboost_feature_selection5,0.9117425348374252,intubation_dummy,0.3965142250061035,0.0398112773895263,0.4688888888888889,0.0666666666666666,0.1074556707660156,0.739320849933599
109,adaboost_feature_selection5,0.8920504313205043,death,0.1848525047302246,0.0160046100616455,0.0,0.0,0.0,0.862255244324977
110,adaboost_feature_selection5,0.9460252156602522,cardio_complication,0.3046865463256836,0.0156044006347656,0.0,0.0,0.0,0.5960141075141074
111,adaboost_feature_selection5_oversample,0.5878752488387524,intubation_dummy,1.02347674369812,0.0150041103363037,0.1484616001984876,0.7833333333333333,0.2492929160130794,0.6928291500664011
112,adaboost_feature_selection5_oversample,0.7447166556071665,death,0.5087353229522705,0.0148042678833007,0.2713989042064333,0.8101149425287357,0.4063550906685213,0.8304667939533077
113,adaboost_feature_selection5_oversample,0.6061207697412077,cardio_complication,0.7694050788879394,0.0154040813446044,0.0609538943497309,0.4476190476190475,0.1068067226890756,0.594083952083952
114,adaboost_feature_selection10,0.9131970802919708,intubation_dummy,0.396305513381958,0.0138037681579589,0.5742857142857143,0.0916666666666666,0.152939163172756,0.7700347941567065
115,adaboost_feature_selection10,0.8964299933642998,death,0.1868499279022216,0.014203929901123,0.5515241909120628,0.337471264367816,0.4154291791222558,0.863375674407694
116,adaboost_feature_selection10,0.9460252156602522,cardio_complication,0.2962775707244873,0.0144039154052734,0.0,0.0,0.0,0.6423098703098702
117,adaboost_feature_selection10_oversample,0.6374757796947578,intubation_dummy,0.9934649467468262,0.0154043674468994,0.151721613771884,0.6833333333333333,0.247866842632858,0.7115182602921646
118,adaboost_feature_selection10_oversample,0.8125441274054414,death,0.5115365505218505,0.0144037246704101,0.3230317657439778,0.667816091954023,0.4344036751051672,0.8465519971696989
119,adaboost_feature_selection10_oversample,0.7323211678832118,cardio_complication,0.7672046184539795,0.0140040874481201,0.0689357975079784,0.3123809523809523,0.1123114110678068,0.5763958023958023
120,adaboost_feature_selection15,0.91392700729927,intubation_dummy,0.3987062931060791,0.0142036437988281,0.6133333333333334,0.0999999999999999,0.1692257168119237,0.7818666002656043
121,adaboost_feature_selection15,0.8920504313205043,death,0.1876492500305175,0.0166043758392334,0.0,0.0,0.0,0.8621372157681615
122,adaboost_feature_selection15,0.9460252156602522,cardio_complication,0.3052779674530029,0.0150035858154296,0.0,0.0,0.0,0.6346221166221164
123,adaboost_feature_selection15_oversample,0.6272780358327804,intubation_dummy,0.9960532188415528,0.0142036437988281,0.1588331060293409,0.7500000000000001,0.2616648181663241,0.7371043824701194
124,adaboost_feature_selection15_oversample,0.7520132714001326,death,0.5237333297729492,0.0156039237976074,0.2758458274455752,0.7965517241379312,0.4095119815635685,0.8393109831835505
125,adaboost_feature_selection15_oversample,0.7600451227604512,cardio_complication,0.7934018611907959,0.0152036666870117,0.082968431600165,0.3257142857142857,0.1312826030053244,0.5952695277695279
126,adaboost_feature_selection20,0.9124724618447246,intubation_dummy,0.4093041896820068,0.0160040378570556,0.0,0.0,0.0,0.7925600265604249
127,adaboost_feature_selection20,0.8927909754479098,death,0.1872475624084472,0.0140035152435302,0.542063492063492,0.2158620689655172,0.302784816809207,0.8663844633387555
128,adaboost_feature_selection20,0.9445653616456536,cardio_complication,0.3166801452636719,0.0154041767120361,0.0,0.0,0.0,0.6446536976536976
129,adaboost_feature_selection20_oversample,0.6804777704047777,intubation_dummy,1.0148582935333252,0.0162038803100585,0.1765138533524252,0.7083333333333333,0.2814429849059378,0.7564349269588313
130,adaboost_feature_selection20_oversample,0.7520132714001326,death,0.5345311641693116,0.0156037807464599,0.2758458274455752,0.7965517241379312,0.4095119815635685,0.8393109831835505
131,adaboost_feature_selection20_oversample,0.7512886529528865,cardio_complication,0.7849932670593261,0.0144032955169677,0.0731393561851758,0.3114285714285714,0.118027949589131,0.5862949707949707
132,gb_feature_selection5,0.9124724618447246,intubation_dummy,0.4145016670227051,0.0110026836395263,0.0,0.0,0.0,0.7327441567065074
133,gb_feature_selection5,0.8920504313205043,death,0.209451675415039,0.0106025695800781,0.0,0.0,0.0,0.8500083620785792
134,gb_feature_selection5,0.9460252156602522,cardio_complication,0.3092760562896728,0.0110029697418212,0.0,0.0,0.0,0.6241608751608752
135,gb_feature_selection5_oversample,0.6294678168546781,intubation_dummy,1.0046470642089844,0.0102023601531982,0.1405147350729267,0.6333333333333333,0.2296539951918,0.6891398406374502
136,gb_feature_selection5_oversample,0.797242203052422,death,0.5233283519744873,0.0104028224945068,0.3091390885353576,0.6954022988505747,0.4261844527724744,0.8346499540460617
137,gb_feature_selection5_oversample,0.6731811546118116,cardio_complication,0.7759905338287354,0.0102025508880615,0.0576488598844141,0.3409523809523809,0.0981102391369771,0.5947264627264627
138,gb_feature_selection10,0.9124724618447246,intubation_dummy,0.4317061424255371,0.010802412033081,0.0,0.0,0.0,0.7795819389110225
139,gb_feature_selection10,0.8920504313205043,death,0.2142525672912597,0.0108026504516601,0.0,0.0,0.0,0.8565373342101115
140,gb_feature_selection10,0.9460252156602522,cardio_complication,0.3176781177520752,0.0108023643493652,0.0,0.0,0.0,0.6529053559053558
141,gb_feature_selection10_oversample,0.6754107498341075,intubation_dummy,1.0194505214691163,0.010802412033081,0.139438178780284,0.5333333333333334,0.2204381460186414,0.7022996679946878
142,gb_feature_selection10_oversample,0.8030763105507631,death,0.5357316017150879,0.0108030319213867,0.3200234279404303,0.7222988505747127,0.4426027564289135,0.8447660925308508
143,gb_feature_selection10_oversample,0.6877743861977439,cardio_complication,0.7781909465789795,0.0104028224945068,0.0681420510717065,0.3933333333333333,0.1145192733101911,0.5906763686763685
144,gb_feature_selection15,0.9124724618447246,intubation_dummy,0.4271048069000244,0.01120285987854,0.0,0.0,0.0,0.7882234395750333
145,gb_feature_selection15,0.8920504313205043,death,0.2086509227752685,0.0110029220581054,0.0,0.0,0.0,0.8540467691881727
146,gb_feature_selection15,0.9460252156602522,cardio_complication,0.3304790496826172,0.0110026836395263,0.0,0.0,0.0,0.654891891891892
147,gb_feature_selection15_oversample,0.7045759787657598,intubation_dummy,1.0316465377807618,0.0108022689819335,0.1670101023623313,0.5916666666666667,0.2594472360395572,0.7311701859229748
148,gb_feature_selection15_oversample,0.8220411413404115,death,0.571936845779419,0.010602331161499,0.3282180500658762,0.6211494252873563,0.4286059161253154,0.8411393365712593
149,gb_feature_selection15_oversample,0.7060305242203052,cardio_complication,0.7897891044616699,0.0106026649475097,0.0623037052859808,0.3257142857142857,0.1035372552376224,0.5752226512226513
150,gb_feature_selection20,0.9124724618447246,intubation_dummy,0.4144989490509033,0.01120285987854,0.0,0.0,0.0,0.8056586985391766
151,gb_feature_selection20,0.8920504313205043,death,0.2198527336120605,0.0110025882720947,0.0,0.0,0.0,0.8592927515833919
152,gb_feature_selection20,0.9460252156602522,cardio_complication,0.3220771312713623,0.011002779006958,0.0,0.0,0.0,0.6262476982476982
153,gb_feature_selection20_oversample,0.7198858659588587,intubation_dummy,1.0270456790924072,0.0104020595550537,0.18559360584787,0.65,0.2876495255305577,0.7607875166002656
154,gb_feature_selection20_oversample,0.8089130723291307,death,0.5495313167572021,0.0106027126312255,0.326676586645884,0.7160919540229884,0.4478514375102489,0.8464922878139385
155,gb_feature_selection20_oversample,0.7629303251493031,cardio_complication,0.8321987152099609,0.0110025405883789,0.0739170165482193,0.3104761904761904,0.1183219137210279,0.5862006732006734
156,l1_feature_selectionall_oversample_oversample,0.7578447246184472,intubation_dummy,1.2060521602630616,0.0132030963897705,0.1790862163109095,0.4833333333333333,0.2605974970847174,0.727577556440903
157,l1_feature_selectionall_oversample_oversample,0.8227604512276046,death,0.6437124252319336,0.0154030323028564,0.3147601910759805,0.5533333333333333,0.3994188197533372,0.8191516787608203
158,l1_feature_selectionall_oversample_oversample,0.7811997345719974,cardio_complication,0.8434357643127441,0.0144038200378417,0.0717040076218575,0.258095238095238,0.1110100498227404,0.563879615879616
159,l2_feature_selectionall_oversample_oversample,0.7600345056403451,intubation_dummy,0.3495162010192871,0.0138034343719482,0.1807731339698552,0.4833333333333333,0.2623943620001191,0.7278741035856573
160,l2_feature_selectionall_oversample_oversample,0.8191081619110816,death,0.3263257026672363,0.0142036437988281,0.3019174856674856,0.5328735632183909,0.3834580182097912,0.817753609979888
161,l2_feature_selectionall_oversample_oversample,0.7804724618447246,cardio_complication,0.3466443061828613,0.0145048141479492,0.0655997459712629,0.2304761904761904,0.1011911154949129,0.5644691614691615
162,elasticnet_feature_selectionall_oversample_oversample,0.736684804246848,intubation_dummy,0.3412113666534423,0.0140541076660156,0.2009052558683352,0.6583333333333333,0.3070834560811677,0.7774589641434263
163,elasticnet_feature_selectionall_oversample_oversample,0.7133669542136696,death,0.3210739135742187,0.0128031730651855,0.2532005564156404,0.8498850574712644,0.3887775867041181,0.8463407013455468
164,elasticnet_feature_selectionall_oversample_oversample,0.7198964830789649,cardio_complication,0.3334937572479248,0.0136033058166503,0.0665151515151515,0.338095238095238,0.1103416709068434,0.5882105732105731
165,adaboost_feature_selectionall,0.9124724618447246,intubation_dummy,0.06091117858886719,0.016399145126342773,0.0,0.0,0.0,0.7986245683930944
166,adaboost_feature_selectionall,0.9044538818845389,death,0.06041398048400879,0.01640348434448242,0.6392307692307692,0.2501149425287356,0.35883590034469215,0.8753093622977739
167,adaboost_feature_selectionall,0.9445653616456535,cardio_complication,0.07581744194030762,0.019697809219360353,0.0,0.0,0.0,0.6453731313731315
168,adaboost_feature_selectionall_oversample,0.7082043795620439,intubation_dummy,0.38777623176574705,0.017003774642944336,0.189581944214636,0.6916666666666667,0.29521816864683975,0.7740382470119522
169,adaboost_feature_selectionall_oversample,0.8147657597876575,death,0.3722877502441406,0.01720433235168457,0.32570788315326127,0.6347126436781609,0.42789971932829074,0.8465226039539614
170,adaboost_feature_selectionall_oversample,0.8220384870603847,cardio_complication,0.43509907722473146,0.01980443000793457,0.0902173171751436,0.2580952380952381,0.13326448751173176,0.6235588060588061
171,gb_feature_selectionall,0.9124724618447246,intubation_dummy,0.09876399040222168,0.013439559936523437,0.0,0.0,0.0,0.7931962815405046
172,gb_feature_selectionall,0.8920504313205043,death,0.09679832458496093,0.012603521347045898,0.0,0.0,0.0,0.8625166607061139
173,gb_feature_selectionall,0.9460252156602522,cardio_complication,0.04941153526306152,0.013802766799926758,0.0,0.0,0.0,0.6270341055341055
174,gb_feature_selectionall_oversample,0.7797053749170537,intubation_dummy,0.47230753898620603,0.014003229141235352,0.22692685481976554,0.625,0.3315079236009469,0.7849861885790174
175,gb_feature_selectionall_oversample,0.8023304578633047,death,0.4266972064971924,0.013202667236328125,0.3104350033697139,0.6749425287356321,0.4246361155357404,0.8477952031010256
176,gb_feature_selectionall_oversample,0.7432541473125414,cardio_complication,0.35559797286987305,0.012387466430664063,0.08266324281861467,0.39142857142857135,0.13584723403916021,0.597110385110385
177,svm_feature_selectionall,0.9124724618447246,intubation_dummy,0.17664008140563964,0.04080929756164551,0.0,0.0,0.0,0.7457622841965471
178,svm_feature_selectionall,0.8920504313205043,death,0.1744398593902588,0.04280953407287598,0.0,0.0,0.0,0.8267305099541229
179,svm_feature_selectionall,0.9460252156602522,cardio_complication,0.17023878097534179,0.03960866928100586,0.0,0.0,0.0,0.5477502227502227
180,svm_feature_selectionall_oversample,0.8337040477770404,intubation_dummy,0.9010052680969238,0.06641473770141601,0.20066865605658707,0.29166666666666663,0.23560552324206743,0.7387375830013282
181,svm_feature_selectionall_oversample,0.8482999336429995,death,0.8129850864410401,0.06001358032226563,0.3239989008281691,0.3783908045977012,0.3476189538161369,0.8090461385232443
182,svm_feature_selectionall_oversample,0.8227551426675515,cardio_complication,1.3489065647125245,0.10662446022033692,0.04525266193433895,0.12285714285714286,0.06526063829787235,0.5578186318186318
183,rf_feature_selectionall,0.9124724618447246,intubation_dummy,0.2740622997283936,0.02760601043701172,0.3,0.016666666666666666,0.031384615384615386,0.7973779548472775
184,rf_feature_selectionall,0.8927803583278037,death,0.2150491237640381,0.027006244659423827,0.4,0.013563218390804599,0.026236559139784944,0.8676805374495757
185,rf_feature_selectionall,0.9460252156602522,cardio_complication,0.24865617752075195,0.027606105804443358,0.0,0.0,0.0,0.6292362142362143
186,rf_feature_selectionall_oversample,0.8351453218314532,intubation_dummy,0.7203638076782226,0.031607198715209964,0.2665470041196104,0.5,0.34486612323427457,0.797730411686587
187,rf_feature_selectionall_oversample,0.8395355009953549,death,0.5939351081848144,0.024805402755737303,0.3658833331567179,0.662528735632184,0.4707647506097118,0.8624052829724314
188,rf_feature_selectionall_oversample,0.8811307232913073,cardio_complication,0.7918044090270996,0.027605819702148437,0.09558454960931739,0.1361904761904762,0.11169160297067274,0.607096624096624
189,decision_feature_selectionall,0.9168440610484406,intubation_dummy,0.016804075241088866,0.012802600860595703,0.6065367965367965,0.19999999999999998,0.29479350954323147,0.7252458167330678
190,decision_feature_selectionall,0.8920424684804248,death,0.017203569412231445,0.013003349304199219,0.5302422723475354,0.2503448275862069,0.33128366672439624,0.8121031733213353
191,decision_feature_selectionall,0.9285149303251494,cardio_complication,0.020804405212402344,0.012803173065185547,0.0,0.0,0.0,0.5528211068211067
192,decision_feature_selectionall_oversample,0.71264499004645,intubation_dummy,0.30606961250305176,0.013202953338623046,0.17569097650694881,0.6083333333333334,0.27210245799758226,0.7123716467463479
193,decision_feature_selectionall_oversample,0.7921566025215661,death,0.32608423233032224,0.014003324508666991,0.29893087092342985,0.6767816091954023,0.41286686559567415,0.8231789877058795
194,decision_feature_selectionall_oversample,0.7169767750497678,cardio_complication,0.32627439498901367,0.014603281021118164,0.07003549375399412,0.3504761904761905,0.11615018472020788,0.620542966042966
